"Justine","4230","4","11537"
"Liliana","3155","3","24963"
"Noelia","3665","1","12338"
"Annabell","4858","2","11053"
"Alessandra","1938","1","2418"
"Daryl","2502","2","23733"
"Ruthie","2394","4","18976"
"Daniella","3971","1","20582"
"Tamara","4054","1","17849"
"Devante","2649","1","11475"
"Roger","1063","2","24390"
"Torey","3533","1","5502"
"Talia","2704","2","11973"
"Richie","4748","4","24829"
"Trevion","2723","4","15770"
"Coby","2769","2","19124"
"Hilario","2223","3","21184"
"Marley","2466","4","16484"
"Maddison","4753","3","22878"
"Breanne","1147","3","3473"
"Terry","1738","2","17858"
"Ryder","3995","4","8237"
"Virgil","2659","4","16433"
"Maximillian","4292","2","9549"
"Chaya","4189","3","21068"
"Golden","4748","4","16127"
"Mackenzie","4549","3","11856"
"Charlene","3014","1","17863"
"Melisa","1931","3","9323"
"Magdalena","2418","2","10692"
"Darrell","4877","2","5486"
"Andres","1324","2","10052"
"Talon","4827","4","13575"
"Estelle","3550","1","6017"
"Berniece","2995","3","22915"
"Ferne","3773","2","14487"
"Rosario","1609","4","8101"
"Janice","2018","1","4670"
"Elinor","3541","3","24751"
"Dino","1020","4","2738"
"Jammie","1898","3","18456"
"Eleazar","1843","4","375"
"Lexi","4655","4","7534"
"Gay","3150","2","12086"
"Ken","3347","3","4923"
"Keely","1551","1","1725"
"Hilda","3106","4","20877"
"Tavares","4694","1","17325"
"Royce","4014","1","15611"
"Dawson","2516","3","6200"
"Sharon","1398","3","17256"
"Charlie","1516","4","13851"
"Stefan","2443","2","22329"
"Christ","3353","2","2463"
"Tracy","4187","3","22885"
"Vergie","1868","1","19486"
"Aida","2132","4","14819"
"Justus","1385","3","1401"
"Mittie","4226","4","3320"
"Keanu","4267","3","8731"
"Johathan","3589","1","23036"
"Declan","3546","4","2176"
"Marcelino","1907","3","23642"
"Hunter","4854","3","9533"
"Hugh","3010","4","7808"
"Sofia","2116","2","4187"
"Billy","1554","4","13780"
"Brielle","3445","1","2906"
"Carmel","3732","4","18334"
"Blaise","3555","2","20813"
"Verla","3377","1","3996"
"Emilio","2272","3","17671"
"Kian","3067","2","5310"
"Hope","3399","4","6104"
"Ozzie","2301","4","12285"
"Markus","3978","1","17458"
"Karine","2275","2","16182"
"Carmel","1158","2","6273"
"Cristal","1308","3","14621"
"Blanche","1170","1","19536"
"Terry","1207","1","211"
"Delphine","4871","3","17065"
"Jake","2546","2","22581"
"Tod","4648","3","11907"
"Morton","1460","1","8807"
"Viva","3721","2","757"
"Reid","3050","4","17039"
"Saul","3978","1","12559"
"Raul","2924","1","22230"
"Geo","4100","2","12032"
"Leanne","3617","4","6161"
"Carolina","4300","4","2923"
"Veda","4827","2","19157"
"Name","4457","2","1045"
"Donna","4418","3","5628"
"Genesis","2748","1","11415"
"Michele","2360","1","21685"
"Chelsie","2796","1","4803"
"Greta","2583","4","7660"
"Antonette","4440","3","15640"
"Otto","1437","3","17802"
"Henry","1695","3","22865"
"Angelo","3093","3","12785"
"Jazmyne","3708","1","740"
"Magnus","2629","3","2979"
"Marina","1650","2","20826"
"Winston","1258","2","16366"
"Kathryne","2096","1","3922"
"Ardella","1809","3","24734"
"Carter","2166","4","4112"
"Laron","1338","3","22987"
"Hadley","4951","3","1463"
"Pamela","4533","4","24500"
"Tracy","2680","4","2467"
"Reanna","3699","3","13132"
"Ruben","1925","2","6669"
"Lauryn","1308","4","1757"
"Thea","4858","1","18464"
"Jacky","1056","1","23047"
"Milo","2764","2","12246"
"Antonia","2833","4","21914"
"Matteo","4878","2","13362"
"Margaretta","1224","2","214"
"Kaela","2661","2","502"
"Alessandro","3789","4","18095"
"Meta","4048","1","24187"
"Johnpaul","1639","3","6709"
"Peggie","2160","1","21759"
"Leonora","4785","4","5814"
"Mandy","1856","1","11346"
"Selmer","4247","3","12262"
"Wilma","2090","2","9944"
"Alf","3454","4","11393"
"Alessia","2160","3","12195"
"Everette","2425","1","20402"
"Minnie","2600","1","1154"
"Willa","4230","2","16643"
"Ramona","4200","1","13165"
"Jaren","3769","3","9787"
"Alice","3825","4","2078"
"Kayla","2686","2","12608"
"Marc","4197","4","19938"
"Effie","2071","1","6322"
"Kamille","3312","2","9570"
"Arvid","4656","4","10516"
"Destiny","1042","2","14930"
"Presley","3545","1","10353"
"Nicholas","2021","4","19297"
"Bradley","3976","4","23930"
"Theron","2916","1","5090"
"Edwin","1194","4","9244"
"Ruthie","1190","2","12037"
"Eryn","3093","3","23501"
"Chelsie","1208","2","7059"
"Lowell","1886","4","3587"
"Grayson","1965","3","20093"
"Abel","1498","3","12231"
"Gregg","3276","2","4236"
"Roderick","4639","2","8059"
"Whitney","2118","4","2540"
"Giovani","3637","1","15858"
"Andy","1567","4","14729"
"Michel","3369","2","10774"
"Wellington","2846","3","6317"
"Adaline","3310","4","10054"
"Ephraim","3262","2","14977"
"Tito","4830","1","10171"
"Elian","1465","4","8627"
"Garfield","4843","4","112"
"Eliezer","3454","3","16782"
"Ethyl","1276","2","369"
"Adolph","2247","1","13164"
"Orrin","3801","1","14258"
"Angel","4084","4","9641"
"Gabriella","1537","4","384"
"Nathen","1939","4","2695"
"Florine","4877","3","21696"
"Imelda","1553","3","13477"
"Alexandrine","1586","4","12331"
"Dax","4952","1","6343"
"Erick","1058","2","13903"
"Hilario","1622","2","24975"
"Lauriane","4780","3","20949"
"Devin","4058","4","22886"
"Yadira","4603","4","1463"
"Arlie","1941","1","20439"
"Maryse","4708","2","3268"
"Ephraim","3047","4","23280"
"Madison","3050","4","18930"
"Lia","3220","4","6058"
"Princess","3137","4","4222"
"Furman","2150","1","21853"
"Kacie","1408","3","14621"
"Virgie","3456","3","20075"
"Iva","4787","3","16607"
"Geovanni","2248","3","12481"
"Murphy","2791","4","6023"
"Jamel","3351","1","18502"
"Edna","4059","1","20315"
"Maya","3996","3","20657"
"Tremayne","4133","3","5966"
"Rickey","1534","2","2890"
"Gerald","2938","4","19876"
"Willow","1182","2","21966"
"Florence","3067","2","18323"
"Mercedes","1260","2","16102"
"Tyreek","3734","1","19772"
"Teagan","4480","4","9365"
"Octavia","2026","1","668"
"Dashawn","2807","2","2690"
"Verona","4667","1","14509"
"Anabelle","2524","2","13307"
"Cristopher","3243","3","6412"
"Keshawn","1015","3","14741"
"Noemi","2754","2","12915"
"Roger","3604","3","800"
"Connor","4658","4","17548"
"Cassie","2519","4","11951"
"Janis","1270","2","12923"
"Diana","1413","4","19434"
"Cortney","3607","4","9457"
"Jaunita","2891","4","24323"
"Kaitlin","1941","4","22359"
"Margarett","2929","4","24690"
"Federico","4035","4","19717"
"Berta","1118","3","498"
"Kattie","1397","1","20889"
"Jovanny","1643","3","1040"
"Corbin","4896","2","10237"
"Hulda","1751","3","16712"
"Lambert","4541","2","21532"
"Fermin","1213","2","1156"
"Crawford","4941","4","16983"
"Oran","4208","3","5217"
"Arthur","2475","1","2982"
"Audrey","3731","3","2145"
"Bernhard","1981","1","2921"
"Ollie","3995","3","22200"
"Kelvin","1389","3","1801"
"Lavinia","1541","4","18292"
"Earnest","2535","2","183"
"Xavier","1874","3","6091"
"Ollie","3808","1","6474"
"Freeda","1151","2","19597"
"Delores","4389","3","23928"
"Kennedi","3736","4","13732"
"Gudrun","4766","1","220"
"Jules","2914","3","12083"
"Yvette","3768","3","4268"
"Georgiana","3419","1","208"
"Kirk","3491","1","1686"
"Aaliyah","2786","1","12593"
"Justina","2093","2","19788"
"Kelton","3683","3","5875"
"Jeff","2776","1","6229"
"Thea","2181","2","10384"
"Evangeline","1266","4","12945"
"Rose","2389","4","22408"
"Magdalena","3441","4","8152"
"Devante","1464","4","14423"
"Ronaldo","3575","1","22773"
"Polly","4576","2","13969"
"Shannon","3155","4","8066"
"Judson","4522","4","8494"
"Ashley","4946","4","14339"
"Jaida","4170","1","14940"
"Baby","1922","2","18968"
"Flossie","3555","1","12136"
"Jaqueline","1526","2","22532"
"Vern","4058","1","1392"
"Cassie","4894","2","15180"
"Spencer","3706","4","2375"
"Emilia","2002","2","3975"
"Juwan","4454","3","12572"
"Stephon","2121","4","6226"
"Roxane","4862","1","9387"
"Grace","2741","1","16477"
"Laurence","3594","3","17533"
"Cary","1673","3","23293"
"Nannie","1912","3","15260"
"Kiera","1777","4","21836"
"Antwon","4483","3","2141"
"Shane","3226","2","2982"
"Brandi","3203","3","18686"
"Dino","3287","2","991"
"Hollis","1189","1","8445"
"Eula","1021","3","22486"
"Martin","3364","2","18913"
"Kamryn","2167","4","14408"
"Olga","1638","1","6888"
"Marty","1748","3","24206"
"Darlene","2338","3","13761"
"Kenna","4812","3","22195"
"Linnea","3348","3","24019"
"Danika","4099","4","643"
"Kimberly","3504","4","5206"
"Rachelle","2732","3","7534"
"Gregg","2098","4","3099"
"Lilly","3476","4","13659"
"Suzanne","1801","2","16998"
"Reina","2115","2","5092"
"Amya","2426","2","17606"
"Lisette","3530","1","24642"
"Mae","1851","1","10517"
"Orval","1735","3","5268"
"Brennan","4744","2","16196"
"Stephanie","1031","4","7207"
"Arianna","1043","3","15676"
"Joy","2601","2","15126"
"Liliana","3707","1","19645"
"Maeve","2550","2","7614"
"Alf","2237","3","23541"
"Audie","3331","2","9286"
"Domingo","1023","2","9908"
"Kattie","2963","2","12647"
"Johanna","2766","2","6507"
"Cesar","3263","4","1359"
"Ray","1159","4","511"
"Ola","2741","2","15438"
"Javon","2504","2","7931"
"Lavinia","1411","2","7468"
"Nathaniel","2144","1","6370"
"Marlee","3867","1","2905"
"Gabriella","2376","4","4904"
"Robyn","3757","2","15936"
"Libby","2093","4","24149"
"Tiana","4958","3","6461"
"Edna","3388","1","11425"
"Isaac","3002","1","8818"
"Hope","4325","4","15291"
"Sammie","4092","3","24649"
"Adam","1309","4","24482"
"Cortez","4336","3","20515"
"Karl","4910","4","4184"
"Aurelie","3789","4","16470"
"Jermain","4177","1","12451"
"Maybelle","4071","4","6819"
"Marc","3071","4","11567"
"Bernita","3022","3","5176"
"Evalyn","1658","1","5356"
"Lourdes","1100","3","20483"
"Hubert","2738","3","14374"
"Ottis","1845","1","24684"
"Nova","1625","2","4077"
"Neha","2850","2","11635"
"Quinten","2000","2","18955"
"Soledad","4821","1","10762"
"Brady","1046","4","19560"
"Virginie","2152","3","20841"
"Gregory","1316","1","14619"
"Emile","2076","4","9072"
"Nina","3802","4","19664"
"Myrtle","3280","1","6578"
"Chaya","4596","1","764"
"Bridget","4877","1","15586"
"Jewell","1586","4","21953"
"Luis","4447","3","21365"
"Alvina","2713","4","14612"
"Kattie","2033","4","4616"
"Braeden","1757","1","3742"
"Estrella","3853","2","13064"
"Brody","4443","1","17749"
"Molly","2182","4","24299"
"Angelo","3578","3","7781"
"Domenica","1002","2","10397"
"Hilma","1489","1","7563"
"Santa","3635","4","659"
"Laurel","3439","2","3612"
"Pierre","1033","2","1199"
"Tomasa","2335","3","7883"
"Lucie","1443","3","1614"
"Electa","2104","2","7889"
"Shanna","1246","2","4800"
"Audreanne","4129","1","21000"
"Fay","3974","3","20423"
"Lolita","1356","4","19715"
"Pascale","4650","1","8719"
"Hans","3046","3","9194"
"Sheila","3340","3","6903"
"Glennie","2125","1","11523"
"Trace","3513","3","11548"
"Spencer","3881","2","6079"
"Cecile","2946","4","20024"
"Chloe","4320","2","2600"
"Helmer","1505","3","8292"
"Sam","1304","2","2688"
"Isom","3811","2","19002"
"Abdul","1000","2","17900"
"Makayla","3243","4","11325"
"Lorenzo","3556","4","22330"
"Cullen","3640","4","13987"
"Derek","1306","4","1409"
"Tracey","2109","4","10801"
"Reta","4836","4","10053"
"Carroll","4861","2","15847"
"Clemmie","2964","4","7527"
"Freeda","2014","4","3130"
"Demarcus","4701","2","6919"
"Princess","3110","1","13985"
"Christopher","3839","4","15454"
"Cordie","1034","4","21112"
"Valerie","3643","1","1591"
"Eusebio","3178","3","9229"
"Elinore","3183","3","4214"
"Dandre","2465","1","2101"
"Clare","1825","2","14975"
"Ali","4939","4","12995"
"Hans","4659","2","18439"
"Christelle","3292","3","13872"
"Yesenia","4132","4","16666"
"Rose","4613","3","9902"
"Leonora","1651","4","1050"
"Terry","4657","3","2713"
"Ronaldo","4161","1","4391"
"Shemar","4360","1","13308"
"Trenton","1964","1","23538"
"Eusebio","1572","4","24420"
"Clement","1998","1","5419"
"Kareem","1310","2","22430"
"Dorthy","4563","4","4223"
"Lurline","4676","3","3526"
"Giuseppe","3540","3","18088"
"Janie","4814","3","18340"
"Shayne","1497","4","15488"
"Arvid","3613","1","9307"
"Itzel","2846","1","14627"
"Stan","4398","3","1908"
"Miller","1877","1","16518"
"Dixie","3630","2","7774"
"Carolyne","3729","4","13754"
"Makayla","1808","4","3640"
"Dane","1737","1","19734"
"Bridie","3459","1","17957"
"Harvey","3698","4","18427"
"Lexie","4195","3","16080"
"America","1608","3","1120"
"Kathlyn","2114","2","12205"
"Reilly","3897","4","16276"
"Minerva","1220","3","17551"
"Kayla","3811","3","3777"
"Amelia","3835","2","19355"
"Lacey","1700","1","19385"
"Humberto","2997","3","14497"
"Keely","2092","3","12312"
"Katelynn","4136","1","5643"
"Jacklyn","1072","3","8915"
"Geo","4606","2","13714"
"Louie","4929","2","23908"
"Jakayla","1774","1","5797"
"Anjali","3528","3","23272"
"Tyrique","2532","4","10188"
"Santa","1921","1","4966"
"Zachery","3522","2","8288"
"Luisa","1298","3","5604"
"Eleonore","1976","2","17157"
"Jayda","1517","3","14521"
"Connie","4683","1","10001"
"Wilson","1599","3","5225"
"Jamison","2847","1","7782"
"Anastasia","1728","4","8308"
"Leta","3967","2","1455"
"Laury","2989","2","10878"
"Rubye","1040","4","11040"
"Eliza","3460","2","19601"
"Beaulah","4400","2","12683"
"Oran","4101","4","24492"
"Hailey","2703","2","8139"
"Landen","2915","4","11763"
"Sasha","4318","3","7637"
"Bonita","2820","2","10084"
"Laura","2608","1","20130"
"Pierre","3299","4","2746"
"Cory","1563","2","1486"
"Guido","3993","3","17214"
"Aaron","3817","1","15126"
"Ally","4174","2","20737"
"Marquise","2727","1","17778"
"Jammie","2305","3","14348"
"Delta","1758","1","17051"
"Kiley","3696","2","12304"
"Adolfo","4702","2","11575"
"Rosetta","2747","3","17061"
"Rubie","4178","1","1511"
"Archibald","3057","2","285"
"Howard","4045","3","2605"
"Bryon","4958","1","9673"
"Jaylen","2146","4","1397"
"Oswald","4316","4","23569"
"Alec","1050","2","10916"
"Abigale","1468","3","7517"
"Cortney","3706","2","5091"
"Laisha","2493","3","1039"
"Johanna","4381","4","15341"
"Kristian","2976","1","17994"
"Norberto","2337","1","3762"
"Bettie","4581","4","5349"
"Imani","2263","4","14602"
"Brandon","1656","1","24222"
"Macie","3726","4","8156"
"Santos","1810","1","16355"
"Ryan","1597","4","10435"
"Vladimir","2590","2","2769"
"Jean","2102","4","24494"
"Mabel","1492","4","1483"
"Webster","1621","2","18483"
"Madyson","1932","4","14156"
"Wilton","3999","1","11719"
"Osvaldo","1434","1","5159"
"Izabella","1575","2","19927"
"Hayden","1606","4","611"
"Pearline","1436","3","8143"
"Frankie","4506","3","4890"
"Lucius","4603","1","6147"
"Eleanora","2444","3","12046"
"Hayden","1333","1","22234"
"Tre","4385","3","1211"
"Audreanne","2198","2","4139"
"Nathanael","4206","3","19508"
"Elmer","2619","3","11716"
"Florida","3950","3","15217"
"Jaclyn","3979","4","7837"
"Dedric","4192","2","14155"
"Alvis","2294","4","11242"
"Mya","2066","4","12627"
"Jeremy","3287","4","12293"
"Wellington","2685","4","21570"
"Dahlia","2997","3","15982"
"Abby","3757","3","12689"
"Mikel","3615","1","23762"
"Berry","2970","3","20413"
"Chasity","2724","2","12627"
"Kyler","2731","1","2403"
"Zachariah","2733","1","15404"
"Lionel","4480","1","13739"
"Rosario","1780","2","1314"
"Emilio","1808","4","13506"
"Shawn","2135","2","19398"
"Myrtice","3561","2","21260"
"Keely","1991","3","268"
"Brenna","4044","2","1679"
"Lily","1119","2","23700"
"Chloe","3773","1","23694"
"Judd","3799","4","16761"
"Deshaun","3198","3","2702"
"Alta","3355","1","22156"
"Era","4067","2","22316"
"Joesph","2809","3","5050"
"Corrine","2302","2","2887"
"Angelina","1322","3","22128"
"Yasmine","3562","2","1529"
"Janelle","1912","3","15484"
"Jayne","3470","4","23518"
"Angelica","2418","2","10935"
"Pattie","3461","4","15156"
"Julie","2807","3","539"
"Isom","2017","3","15816"
"Bria","2732","3","1126"
"Torey","1748","4","21285"
"Lysanne","2885","3","18276"
"Alan","1319","2","8964"
"Ransom","3077","4","14912"
"Reilly","1153","4","4298"
"Krystina","3198","2","15830"
"Marge","3862","4","24448"
"Alessandra","3958","2","19088"
"Orlo","1614","4","24795"
"Shyann","3353","3","21263"
"Sunny","3883","2","5119"
"Jalen","4135","3","12244"
"Sherwood","4403","4","21779"
"Ludwig","3061","4","8681"
"Charley","2838","3","7474"
"Santa","4066","3","1139"
"Ludie","2504","2","11876"
"Miles","4675","4","24312"
"Alexys","3796","4","12597"
"Tommie","3389","3","8374"
"Sabina","3651","4","18247"
"Elijah","1529","4","23542"
"Oda","4770","3","9195"
"Osbaldo","3189","3","23492"
"Yasmin","1188","2","20689"
"Caterina","3760","3","18705"
"Earlene","1911","3","14073"
"Skyla","2856","3","1943"
"Daphne","3772","2","17066"
"Helen","4243","3","8141"
"Cleve","1521","1","15221"
"Joaquin","1589","4","10703"
"Miguel","4525","2","21560"
"Alexys","1009","1","3323"
"Isabell","1469","3","10776"
"Cordie","1289","3","19454"
"Aurelie","4432","4","3840"
"Brandyn","1708","1","21534"
"Missouri","1722","3","12645"
"Hertha","2750","1","12708"
"Tyrese","1669","2","10822"
"Arno","3045","2","19600"
"Emory","4926","2","9795"
"Magali","3888","3","17907"
"Wilma","3566","1","17218"
"Alba","2575","3","13876"
"Bradford","3344","3","22221"
"Edwin","4972","1","13950"
"Daren","3429","2","15010"
"Cordia","2862","1","623"
"Reina","3635","1","5484"
"Verdie","3763","4","11780"
"Ike","2957","2","24570"
"Monica","3628","2","3526"
"Dillon","4527","3","10569"
"Chanel","2383","1","24413"
"Elliot","3814","4","495"
"Darby","3986","4","18597"
"Clementina","1301","2","15923"
"Stewart","3600","1","7313"
"Kari","1045","3","16666"
"Carey","3949","4","22113"
"Ayden","4220","1","18109"
"Jonathon","1537","1","15804"
"Reinhold","2812","2","23034"
"Karl","2970","3","8047"
"Vaughn","1810","2","22120"
"Emmy","3475","3","6785"
"Dovie","3968","2","8733"
"Rowland","1386","1","16826"
"Brett","2829","1","16733"
"Nicholas","2236","3","16602"
"Jorge","1301","4","13609"
"Kaylie","3917","4","19027"
"Mathias","2924","4","8430"
"Iliana","1474","2","6698"
"Lloyd","1571","3","1164"
"Jefferey","3986","4","14691"
"Avis","4375","4","5825"
"Hermina","3161","4","1275"
"Alfredo","2873","4","16308"
"Boyd","3009","4","8614"
"Eleonore","4345","1","21308"
"Raheem","3036","3","11716"
"Elna","1590","3","19025"
"Beth","4232","3","18072"
"Myrtice","2317","4","15269"
"Destiney","3980","3","22356"
"Randy","3213","2","22328"
"Kiera","3153","4","9327"
"Stanford","1676","3","13519"
"Heidi","4913","4","8378"
"Rosamond","4597","1","7616"
"Fredy","4936","4","13678"
"Sophie","1998","2","16631"
"Wilfredo","1447","4","3724"
"Laverna","4846","4","12426"
"Elta","1474","4","1697"
"Ansel","2852","1","22642"
"Efren","2599","1","20923"
"Elva","4131","3","3421"
"Jadon","4904","3","1323"
"Americo","2127","3","7524"
"Otis","3638","1","430"
"Theodore","4666","2","2136"
"Lamar","2668","3","22891"
"Carolina","4198","2","8155"
"Coralie","1972","2","11219"
"Guillermo","1752","3","23576"
"Lottie","3121","4","7888"
"Luna","2268","3","7000"
"Noel","2966","3","19118"
"Jermey","4918","4","16359"
"Sandra","4289","4","19691"
"Newell","4269","3","15151"
"Jaida","1999","4","10955"
"Jocelyn","3987","4","15385"
"Delfina","3029","3","19182"
"Noemi","2328","2","8496"
"Marina","4589","1","18635"
"Columbus","4789","3","10496"
"Elnora","2094","4","20628"
"Kamren","4473","3","11390"
"Lizeth","4873","1","2878"
"Providenci","2315","1","21980"
"Henderson","2625","2","1534"
"Estel","1504","1","6212"
"Palma","1298","1","7068"
"Bertram","1136","4","8675"
"Michale","3348","3","3560"
"Enrique","1545","1","3996"
"Taya","3496","2","13425"
"Karl","1063","2","12254"
"Julianne","1367","4","17825"
"Olga","4507","2","13269"
"Dortha","3157","3","1268"
"Obie","2780","1","24109"
"Lenore","3704","4","149"
"Alana","2619","1","1044"
"Antonia","3769","1","16125"
"Trace","4666","3","22972"
"Marilie","4277","4","5047"
"Geovanny","2954","1","18975"
"Earnestine","1294","4","14256"
"Delphia","2563","2","13824"
"Burnice","4317","2","2768"
"Lola","3646","3","18299"
"Jarret","2647","3","16923"
"Stacey","3003","4","7336"
"Savanah","2887","2","8114"
"Dayna","3783","3","22655"
"Melody","3984","4","20342"
"Macie","2795","3","13824"
"Keagan","4678","4","20846"
"Wyatt","3923","1","4783"
"Selina","3437","4","24949"
"Sigmund","1023","2","2447"
"Hildegard","2275","3","19779"
"Zita","3952","4","7961"
"Mia","4673","1","17786"
"Felton","1321","3","8766"
"Jayne","3080","2","15891"
"Pierce","1914","1","23998"
"Van","4695","3","1899"
"Hipolito","4434","3","14135"
"Jaida","2852","2","2870"
"Jewel","4695","3","20197"
"Dewayne","4168","1","2971"
"Margarette","3900","1","5926"
"Rose","1883","4","14242"
"Myrtle","1027","1","11752"
"Giles","4223","2","17214"
"Garfield","3863","4","2038"
"Frederic","1546","4","6753"
"Ruthe","3313","2","6053"
"Ewald","4346","3","3495"
"Aletha","2609","4","9369"
"Jane","2667","2","15835"
"Ardella","3611","1","4151"
"Jakob","1946","4","15947"
"Norris","2744","2","18536"
"Kennedi","2084","3","19826"
"Berta","2591","4","24931"
"Adriana","4780","3","439"
"Alicia","3671","4","984"
"Elmore","3094","2","20191"
"Aaron","4659","3","19918"
"Rebecca","1317","3","6731"
"Antonietta","2770","2","16121"
"Janiya","4198","1","12866"
"Vallie","4742","1","3175"
"Athena","2428","3","19854"
"Enrique","4554","2","3361"
"Vernie","3213","2","12174"
"Caden","2069","3","14455"
"Moses","1572","4","17876"
"Lottie","1298","2","4288"
"Cleve","1775","1","6154"
"Alberta","1892","2","12661"
"Kyle","3308","2","17364"
"Rogelio","3262","2","3776"
"Sabrina","1601","4","2042"
"Kendrick","2088","4","17153"
"Richmond","3743","1","16398"
"Alejandrin","4871","1","3012"
"Bobby","4652","3","21166"
"Janet","3981","3","2871"
"Patience","1125","2","141"
"Kenneth","4121","2","9362"
"Edison","3250","1","5872"
"Janessa","2656","4","1381"
"Clovis","3646","3","23347"
"Pedro","3088","2","24459"
"Thomas","4869","1","4339"
"Tyreek","4070","2","740"
"Danial","4190","4","15458"
"Kristian","4748","1","13821"
"Aaron","1996","1","24437"
"Terrill","2220","2","13456"
"Vella","1265","1","14324"
"Haylie","1397","2","23752"
"Justine","3681","2","22098"
"Sim","3484","4","6851"
"Kassandra","2214","4","6742"
"Jayda","3835","1","16607"
"Kyleigh","1277","4","4491"
"Alda","4487","4","11293"
"Pinkie","2470","3","10704"
"Florida","4600","4","11594"
"Yvonne","2633","1","1806"
"Prudence","2600","1","18582"
"Breanna","2426","2","22359"
"Lorena","2013","1","17546"
"Ayden","2741","3","13894"
"Jordon","1013","4","5170"
"Lavonne","1006","4","6059"
"Stephen","3717","2","10159"
"Carolanne","1295","4","14529"
"Bernice","4923","2","10093"
"Hassie","3173","3","16017"
"Kenyon","4255","2","3005"
"Rozella","2134","3","2739"
"Geoffrey","3660","1","1512"
"Sherwood","2697","4","5547"
"Jailyn","1628","4","11851"
"Anabel","3789","1","10197"
"Jesus","4228","1","19221"
"Tomas","1814","4","463"
"Dolly","3237","4","23154"
"Olaf","3726","1","10585"
"Kyler","4685","4","16775"
"Joesph","1590","2","23512"
"Simeon","1573","3","1909"
"Matt","2673","2","21299"
"Audreanne","1092","4","20964"
"Araceli","3162","3","24911"
"Jeffery","2431","4","6522"
"Leif","3944","1","15902"
"Gilbert","3772","3","7324"
"Alisa","2867","3","16514"
"Lurline","4871","4","13148"
"Lester","3680","4","17820"
"Gillian","1457","3","21489"
"Lonie","3502","2","20220"
"Norwood","2631","4","11234"
"Newton","1504","3","3676"
"Michael","2256","3","5204"
"Kaitlyn","4782","4","23820"
"Alyce","4661","4","644"
"Andre","3292","2","9606"
"Hope","3353","2","3028"
"Jennifer","2550","2","23875"
"Zoila","3818","3","21384"
"Gerhard","3321","1","9579"
"Rosendo","2016","1","24168"
"Dedric","4458","1","5569"
"Era","2404","3","20509"
"Annetta","2919","4","23282"
"Elody","4343","3","6612"
"Piper","2781","3","23929"
"Gaylord","2042","2","14569"
"Hermann","3298","4","1984"
"Wilhelmine","3008","3","21509"
"Elise","1923","3","23523"
"Wade","3215","2","22963"
"Meaghan","1264","1","20028"
"Coralie","3635","3","10121"
"Meda","2250","3","24292"
"Walton","4224","3","2287"
"Nikita","2224","4","4845"
"Velma","1707","1","7136"
"Delmer","3789","4","17183"
"Cathrine","1850","2","540"
"Kayden","2399","4","22525"
"Conner","4094","4","8897"
"Tod","3268","3","20017"
"Bertram","2231","2","14254"
"Noah","1025","1","19669"
"Chelsea","4987","4","4802"
"Bradly","4911","1","7523"
"Eva","4740","2","22091"
"Mercedes","2668","2","19951"
"Tyrique","3137","4","23658"
"Chanel","2600","3","15863"
"Joanie","2395","1","2159"
"Karelle","1026","4","4157"
"Cassandre","1037","4","2089"
"Janessa","3771","4","2524"
"Ernestina","2033","2","20817"
"Thalia","1214","2","3729"
"Tre","2083","1","17151"
"Jayne","2022","1","24173"
"Keely","1881","3","14778"
"Meredith","2997","2","23441"
"Damion","2497","1","20759"
"Ivah","1228","1","1725"
"Eleazar","3988","1","4297"
"Reinhold","2775","1","24756"
"Maybell","3831","3","8584"
"Enrique","1099","4","5221"
"Mario","1971","4","6456"
"Alvina","4855","2","13867"
"Sanford","3024","4","9530"
"Adrien","2477","1","146"
"Myra","4754","2","14567"
"Lilly","2571","1","10788"
"Tyree","1078","3","22270"
"Milo","1684","1","23599"
"Terence","3103","4","3331"
"Casandra","4139","2","20148"
"Shayne","1266","2","19672"
"Jade","3871","2","13343"
"Kayleigh","1156","1","9645"
"Aditya","2452","3","11096"
"Bret","4748","1","2511"
"Macey","3683","3","16296"
"Alysa","3763","2","3566"
"Ruthe","4853","1","2346"
"Kelvin","3752","2","15596"
"Hadley","1736","4","23837"
"Orland","3759","4","14724"
"Maximillia","3663","4","23362"
"Clark","1750","3","17057"
"Lonzo","2054","2","12678"
"Merlin","4014","4","13769"
"Columbus","4773","2","16862"
"Daniela","1186","3","9142"
"Jaylan","4027","4","7367"
"Sophie","3936","2","2471"
"Asia","1883","4","15529"
"Quinn","3105","3","5065"
"Rocky","1184","1","21703"
"Keenan","4587","2","13055"
"Triston","3240","1","3890"
"Pablo","3190","1","22161"
"Kendall","2525","1","3069"
"Alize","3727","4","530"
"Mozelle","3691","3","21568"
"Beverly","2425","4","9570"
"Mable","2856","4","23999"
"Alfonzo","3314","4","18197"
"Oral","1007","4","11592"
"Ford","4806","4","125"
"Florine","3876","4","6066"
"Maximo","1493","2","17216"
"Dawson","4346","1","24767"
"Kenny","4138","2","4663"
"Ilene","4231","2","8748"
"Santina","2113","3","20908"
"Zachery","1993","1","14971"
"Myrtle","1417","4","5646"
"Daija","4534","1","5441"
"Ines","4502","2","4820"
"Eva","2395","2","3615"
"Rudolph","2868","2","16161"
"Alberta","2110","3","4496"
"Garett","3294","4","5322"
"Dimitri","3656","2","17387"
"Jaron","1309","3","10058"
"Nya","2886","1","21988"
"Ignatius","3462","4","9753"
"Helmer","1651","2","12139"
"Abdullah","4004","2","8233"
"Rhianna","4564","2","1473"
"Kian","2335","2","7276"
"Julius","4394","4","16369"
"Kip","3867","4","24684"
"Walker","1401","3","22145"
"Veronica","1596","4","12898"
"Nolan","4685","4","10978"
"Vanessa","3937","2","24072"
"Felipe","4009","2","3856"
"Brianne","2354","4","14602"
"Brant","1459","4","17804"
"Patsy","3360","4","15379"
"Virgil","4734","4","15541"
"Susanna","3292","3","6924"
"Niko","1260","1","13751"
"Giovani","1992","4","20795"
"Montana","3319","3","5723"
"Jedediah","4766","4","17356"
"Alexanne","1983","2","14860"
"Alexa","4606","4","3204"
"Herminio","2497","1","5209"
"Brycen","2565","4","2068"
"Maxie","4857","1","16163"
"Rogers","1355","4","515"
"Javier","2583","4","21061"
"Zita","3118","3","19437"
"Wilma","1548","4","20088"
"Theo","2261","3","22936"
"Corine","3320","4","15467"
"Lorna","4515","2","21229"
"Christina","3034","2","9422"
"Elza","3184","4","14494"
"Danika","2283","2","20014"
"Taya","3042","1","10750"
"Mckayla","2380","3","2610"
"Nova","3972","2","21347"
"Ayana","1425","2","21866"
"Carlotta","4799","3","12520"
"Lula","3071","4","18384"
"Doyle","1742","2","1651"
"Stanford","4487","3","17920"
"Shanna","2859","2","15800"
"Rebekah","3646","1","12112"
"Odie","2407","3","10853"
"Consuelo","2691","2","8612"
"Murphy","1574","3","17346"
"Sydnee","3822","2","24126"
"Melba","2992","4","8531"
"Walter","3664","2","18665"
"Adriel","1516","1","19447"
"Trevion","2833","3","23950"
"Bertram","1206","1","1028"
"Griffin","2865","4","7063"
"Nicholas","3805","1","22192"
"Elliott","2848","4","10177"
"Brooks","2514","1","6901"
"Bridie","3709","3","22337"
"Alice","4303","1","6188"
"Doris","4938","3","17582"
"Phyllis","4099","2","732"
"Maria","1644","4","24964"
"Johathan","1149","1","10146"
"Estelle","2931","3","5558"
"Kristoffer","4234","4","11028"
"Breana","3959","4","2989"
"Derrick","2222","2","11400"
"Sincere","1347","4","2389"
"Sadie","1342","3","16728"
"Derrick","2851","2","12009"
"Earline","2610","1","10150"
"Gussie","2620","1","18102"
"Cecile","3729","1","8840"
"Aubree","1762","3","11711"
"Vilma","3727","4","909"
"Aliya","1570","4","8581"
"Alfreda","2657","2","3659"
"Hollie","4051","2","19738"
"Cristian","1711","4","14028"
"Kelsi","3042","4","3406"
"Terrance","4715","2","18762"
"Felicity","1934","1","10230"
"Joy","3175","1","7518"
"Alessia","3701","2","21871"
"Davin","3891","2","21559"
"Kariane","2066","2","3618"
"Bernice","1178","2","3657"
"Micah","2451","2","12714"
"Gabriella","3673","2","22769"
"Dillon","2865","3","21914"
"Garfield","2060","3","3330"
"Jovani","1880","2","10004"
"Adrian","2681","1","14777"
"Abigale","4184","4","1022"
"Era","3463","1","3009"
"Mitchell","1451","1","6979"
"Henriette","4846","2","19127"
"Loren","2661","3","4089"
"Marques","2397","1","21017"
"Brooke","4733","2","22073"
"Jessy","3839","4","17155"
"Litzy","2602","2","19022"
"Norbert","2649","3","4776"
"Terrell","4079","3","17818"
"Domenick","2301","4","5591"
"Dwight","4932","4","20015"
"Cristian","1330","1","3062"
"Oleta","2783","3","15802"
"Leonardo","4853","1","10968"
"Armando","2669","2","18506"
"Merritt","4600","3","23129"
"Althea","2917","1","2358"
"Katelyn","3838","1","17893"
"Leif","3496","1","17756"
"Shirley","3862","3","23718"
"Fritz","4424","2","14363"
"Norma","2691","1","22939"
"Giovanny","2213","4","15074"
"Peyton","1115","4","23595"
"Bryana","1000","2","16124"
"Landen","2835","2","21094"
"Mark","3184","1","10418"
"Felipa","3087","2","2422"
"Willie","2944","3","663"
"Kennedi","1583","2","23076"
"Joey","4149","3","20796"
"Brayan","4360","2","23593"
"Sheridan","2795","3","883"
"Camylle","2751","1","6355"
"Haleigh","3143","4","10889"
"Rowena","2712","1","10880"
"Jena","4767","1","16520"
"Karlie","3369","4","12503"
"Alexandra","3467","3","18025"
"Karlee","4112","3","23195"
"Eryn","4039","1","19955"
"Lacey","1111","1","21559"
"Adelle","2809","1","22894"
"Raoul","1726","4","22628"
"Dannie","2383","2","22148"
"Landen","2204","1","248"
"Noemy","3872","1","21851"
"Oceane","1930","2","18090"
"Felix","2670","2","1838"
"Mayra","2521","2","8261"
"Armani","1576","1","9526"
"Ian","3374","2","10300"
"Alysha","3210","2","1362"
"Gilda","1930","1","1125"
"Fred","2403","2","9185"
"Chesley","3627","4","5021"
"Baby","2028","2","21415"
"Shanie","2426","3","5888"
"Kaycee","1134","2","1144"
"Travon","2370","3","5640"
"Rachel","4278","4","23890"
"Mckenzie","1789","3","2851"
"Luisa","3125","2","8484"
"Leora","1132","2","12654"
"Grayson","1365","3","11395"
"Brain","4386","4","2406"
"Pasquale","4660","4","9412"
"Mya","3543","4","23996"
"Giles","3975","1","7775"
"Verda","1937","3","4182"
"Alexanne","3856","3","9112"
"Agnes","2953","3","21655"
"Favian","3404","2","13099"
"Khalid","1283","1","24899"
"Irma","3365","1","18155"
"Magnolia","2453","1","827"
"Jared","1724","2","6986"
"Mariela","3391","3","10555"
"Leopoldo","1335","2","24863"
"Pattie","4827","1","11698"
"Novella","4573","3","9695"
"Keon","1168","2","8294"
"Merle","3756","1","11852"
"Harold","2047","2","5317"
"Maeve","1921","3","8363"
"Abbigail","4826","1","22309"
"Olga","2984","1","24401"
"Karley","4894","2","17304"
"Daniela","4168","3","14148"
"Mona","1980","3","24870"
"Samson","3995","4","16388"
"Vilma","4122","1","20537"
"Madge","4132","4","20533"
"Benton","3084","2","675"
"Richard","4819","2","12529"
"Carroll","3174","2","7081"
"Amani","2584","3","9754"
"Ceasar","3568","1","12114"
"Eudora","1682","1","21411"
"Bertha","4306","1","12939"
"Phoebe","4622","2","19657"
"Calista","3149","3","14407"
"Melyna","3466","4","6628"
"Idella","3499","2","20689"
"Providenci","3646","2","8107"
"Marjolaine","4903","2","20245"
"Imelda","3762","4","337"
"Hellen","3855","3","17301"
"Brandyn","3456","2","4755"
"Imogene","1030","2","24388"
"Newell","3297","1","19908"
"Kade","4420","2","4262"
"Nick","4814","4","13780"
"Reilly","3020","4","24603"
"Fletcher","3607","1","8260"
"Michaela","2981","2","14390"
"Salvatore","1511","2","21390"
"Hailee","4637","2","14590"
"Erika","3862","2","19781"
"Vickie","2670","2","24676"
"Polly","4764","3","4572"
"Lorine","4810","1","15435"
"Velda","2625","4","10325"
"Lacy","3155","2","16986"
"Dorothy","2598","2","9085"
"Eliza","3239","4","9498"
"Unique","2093","2","17512"
"Natalie","3584","1","3826"
"Josiah","3473","3","18230"
"Janiya","2540","1","22524"
"Trevion","2827","2","12428"
"Giuseppe","1022","4","10701"
"Joan","3950","1","13708"
"Tabitha","4822","4","23681"
"Ryleigh","3711","2","24226"
"Aylin","3830","1","12891"
"Timothy","4299","4","7709"
"Bernice","3439","1","12609"
"Joey","2256","1","2823"
"Nash","1614","1","4200"
"Darren","1062","1","21151"
"Xavier","1963","1","7999"
"Johnny","4823","3","4700"
"Chadd","3593","3","4799"
"Johann","4916","4","8867"
"Mya","4386","4","8765"
"Luna","2925","2","20377"
"Winston","2726","4","15781"
"Antoinette","3970","4","10144"
"Dexter","3096","4","4987"
"Anissa","1604","3","16749"
"Carlo","2339","3","1289"
"Valentina","4703","1","13366"
"Jaren","3080","1","16203"
"Queen","2514","2","9985"
"Chelsie","1295","3","3374"
"Anthony","2770","4","21870"
"Marty","3406","4","22307"
"Kendrick","4644","4","14000"
"Darryl","4891","3","15558"
"Octavia","2498","2","354"
"Dayne","1224","4","24246"
"Gabriel","4769","3","11101"
"Woodrow","1041","4","9672"
"Cornell","3921","1","4074"
"Creola","3235","3","10576"
"Rusty","1491","2","12228"
"Johnathan","2876","1","7768"
"Trevion","1695","1","13820"
"Verdie","2357","4","19624"
"Bruce","1443","4","15014"
"Amparo","2659","3","21918"
"Luisa","3286","2","11762"
"Houston","1207","4","7615"
"Xzavier","3962","3","22349"
"Leonardo","3219","1","15816"
"Shawn","2534","2","22548"
"Ona","4363","1","22712"
"Eldora","4232","1","7677"
"Mitchell","4985","2","19445"
"Hertha","1871","1","4168"
"Gabe","2310","1","20048"
"Madeline","2054","1","17882"
"Gordon","1071","2","5848"
"Aiden","2137","1","22462"
"Gilberto","1233","2","12199"
"Mekhi","4303","1","18913"
"Camden","2776","2","12119"
"Wilfredo","3889","1","6604"
"Carmel","3336","2","5755"
"Tianna","1431","4","2410"
"Winifred","3593","4","9848"
"Maryam","4091","1","19582"
"Hilton","3018","4","11944"
"Jarrett","2927","2","24545"
"Elmira","2263","1","16350"
"Chance","2035","2","13858"
"Myah","2868","3","19790"
"Kari","2101","4","13974"
"Al","1638","3","2887"
"Linda","1292","4","7659"
"Marjorie","3739","2","20908"
"Bryana","4277","1","5003"
"German","2252","1","12011"
"Georgianna","1064","4","19939"
"Jaylon","4990","1","1282"
"Camren","1015","4","12110"
"Tracey","2482","2","5930"
"Diamond","3150","2","11885"
"Emie","2718","2","22287"
"Walker","2918","1","15746"
"Mireille","2427","2","16464"
"Lexi","2800","2","22152"
"Okey","1031","3","1488"
"Meaghan","4817","4","7400"
"Ewell","2819","1","18187"
"Carlee","3070","4","378"
"Christelle","1806","2","21568"
"Warren","4755","1","17924"
"Anahi","4307","1","16174"
"Jonathon","3881","1","12000"
"Ruben","4975","3","18074"
"Nathanial","2290","1","8406"
"Rhett","3004","4","1209"
"Rebekah","2217","1","13899"
"Mauricio","1153","3","18364"
"Rebeka","1485","4","1604"
"Ila","1525","3","21265"
"Leonel","4995","4","3766"
"Stanton","1389","1","15312"
"Laisha","4749","2","22422"
"Ricardo","4313","4","9509"
"Abigail","3257","4","6451"
"Jaycee","1091","3","5128"
"Elroy","1426","4","16528"
"Rhett","1928","2","5631"
"Pasquale","2783","2","6665"
"Maynard","4717","2","10212"
"Margaretta","1727","2","22807"
"Frederique","3482","3","15989"
"Federico","2818","4","18975"
"Laney","1989","4","6238"
"Marcelina","3139","3","4930"
"Melyssa","4042","1","7807"
"Cristina","4651","1","11885"
"Jaclyn","2588","4","7502"
"Gay","1802","2","9575"
"Sabina","2670","3","23748"
"Kattie","1181","4","1360"
"Lilla","2333","1","702"
"Sid","2495","1","9435"
"Cary","1596","2","6447"
"Noemi","1878","4","11997"
"Rashawn","3711","1","16312"
"Leonardo","3378","3","11350"
"Robyn","3443","4","1766"
"Martina","2314","1","5737"
"Leo","4161","2","9088"
"Oma","3839","3","14588"
"Reyes","4948","2","2213"
"Kelly","4905","1","1313"
"Angelica","2695","1","394"
"Antonia","4312","2","24299"
"Marquis","4793","1","1920"
"Roslyn","2710","2","22180"
"Kayley","1647","4","11432"
"Juliana","4857","2","1385"
"Melany","1700","4","909"
"Grady","1514","3","13507"
"Ella","4408","3","21650"
"Lynn","2491","3","13299"
"Coty","1954","4","7964"
"Angela","1606","4","5054"
"Isai","1404","3","21920"
"Maurine","2082","3","13578"
"Zackary","1510","4","5610"
"Adele","1802","1","23848"
"Mckayla","3170","4","17178"
"William","3283","1","23116"
"Judge","2047","4","23391"
"Calista","2902","2","20164"
"Rosalinda","4825","3","15803"
"Teagan","4177","2","19961"
"Kristoffer","2880","2","4151"
"Quinton","3981","1","17057"
"Rosamond","2529","4","24090"
"Norwood","2709","3","5302"
"Christina","2195","3","22129"
"Duane","1501","3","6028"
"Christiana","2243","1","3044"
"Austyn","2715","1","20170"
"Wilbert","4149","4","5641"
"Lisandro","4519","1","24972"
"Alda","3378","2","8276"
"Evelyn","3508","3","3092"
"Eliza","1828","3","5992"
"Reed","3261","3","359"
"Kennedy","4816","4","19557"
"Whitney","3302","1","10970"
"Shanie","3283","4","21498"
"Tamia","2926","2","21959"
"Ena","2320","3","15747"
"Elmer","1630","2","15171"
"Fatima","3720","1","18615"
"Carrie","1185","1","21711"
"Shania","1538","2","12609"
"Destany","1953","1","14755"
"Lilla","3687","4","2808"
"Alvera","1437","4","7521"
"Dorcas","1965","2","16179"
"Catharine","2729","3","16057"
"Lavina","3819","1","24623"
"Erin","4264","3","5383"
"Raina","2881","2","8755"
"Creola","1614","2","11213"
"Elinor","4750","3","7377"
"Uriah","1334","3","16327"
"Eriberto","3292","1","17518"
"Jessyca","3918","2","1473"
"Marcelina","3916","1","18682"
"Noah","4632","4","8446"
"Keshaun","3671","1","7884"
"Hulda","1648","3","23985"
"Stephany","3883","1","24152"
"Weldon","4269","3","20158"
"Laverna","1771","3","7152"
"Oran","1671","2","5536"
"Nathaniel","1008","2","11822"
"Rahul","2638","3","16907"
"Roscoe","1591","3","15604"
"Esperanza","2519","4","12752"
"Casey","1417","1","1356"
"Hayley","3729","1","6501"
"Alexandro","2749","4","23669"
"Jaylon","2204","3","3929"
"Demarco","3235","3","23132"
"Laron","1099","2","21759"
"Sydnee","4804","3","13459"
"Willow","3107","2","19306"
"Lucinda","3537","4","8345"
"Ransom","1643","1","9103"
"Mustafa","1109","2","20167"
"Amir","3712","4","213"
"Cullen","4786","2","7510"
"Dax","1347","2","23337"
"Kim","4635","1","3724"
"Giles","2783","3","9295"
"Elinor","2245","1","13207"
"Lauriane","3829","4","8106"
"Joany","4183","1","15235"
"Jody","2077","1","17305"
"Laney","4413","1","12972"
"Mallory","3352","1","12876"
"Brooks","2649","2","17290"
"Jeffry","3768","4","18763"
"Ernest","3570","2","11542"
"Kennedy","3808","2","16965"
"Jacinthe","1192","3","10527"
"Maggie","3412","1","10995"
"Kayley","1018","2","1165"
"Adelle","4311","1","6820"
"Rogers","3241","2","2599"
"Dayton","1587","3","5584"
"Lyla","3657","3","17561"
"Scottie","1693","2","18671"
"Russel","1704","2","19749"
"Janie","4110","2","7466"
"Gaetano","4978","2","453"
"Orland","1389","2","24690"
"Precious","1221","3","10820"
"Lisandro","4862","4","7833"
"Corrine","1914","4","939"
"Buck","2949","4","12445"
"Deshaun","3111","1","6894"
"Brooks","3392","4","5823"
"Lavina","2642","3","14887"
"Blaze","3436","3","8232"
"Jackie","2803","4","704"
"Fay","4706","3","10552"
"Bobby","4527","1","7293"
"Evangeline","1012","2","13168"
"Lauren","2635","2","3686"
"Chester","4298","1","10502"
"Jannie","4546","2","18602"
"Leta","4801","2","10178"
"Abe","4078","4","947"
"Thora","4646","1","10796"
"Nico","1478","2","664"
"Jeanne","3889","4","22330"
"Casper","3727","2","5712"
"Alessandra","3129","3","19841"
"Leora","1661","3","4679"
"Abbie","4541","1","10443"
"Dejah","1062","3","19404"
"Alfredo","1273","4","15951"
"Vernon","4091","1","11221"
"Krista","3123","1","2682"
"Maida","1629","3","22666"
"Cleve","3356","1","11702"
"Lori","3660","2","15264"
"Emie","2065","2","17897"
"Janiya","3123","3","10827"
"April","2750","2","15514"
"Loraine","1237","1","4763"
"Barrett","4179","1","21970"
"Jensen","2468","2","19264"
"Etha","2811","2","21720"
"Rashad","1747","4","21077"
"Kenny","1579","3","3604"
"Isai","3474","2","3983"
"Benedict","3112","1","12918"
"Pearlie","2628","3","126"
"Henri","1176","2","10428"
"Jayden","1188","4","2744"
"Breanna","4390","3","2838"
"Dorian","2935","3","4780"
"Alexys","1161","1","21080"
"Terrence","3819","2","9744"
"Jaclyn","3750","1","4707"
"Tomasa","4838","2","2765"
"Bryce","3469","4","23417"
"Terrill","3301","1","13007"
"Kiera","1431","1","2409"
"Marquis","4856","2","18418"
"Jakob","2095","1","1783"
"Valerie","1654","2","5261"
"Charley","4451","4","19531"
"Casandra","1870","4","13271"
"Newell","4443","3","22098"
"Kathlyn","1451","1","9263"
"Yazmin","3942","4","22715"
"Lucio","3271","2","20662"
"Sibyl","4207","3","20704"
"Gus","1839","1","3785"
"Tania","2169","4","18323"
"Nathanial","1483","4","5931"
"Wyatt","1533","2","12914"
"Alexanne","1291","3","14580"
"Carmine","2863","2","13944"
"Art","2847","2","21019"
"Ellen","1674","4","1430"
"Maddison","3814","2","10561"
"Felicia","1074","3","9136"
"Bernadine","1690","3","2387"
"Fernando","2026","2","17942"
"Delores","4241","2","23357"
"Gianni","2861","3","2553"
"Alvera","4974","3","12493"
"Beulah","1919","3","19060"
"Fausto","4747","2","17636"
"Juanita","3227","2","18875"
"Danial","4773","1","13143"
"Ashleigh","2972","2","24695"
"Jerry","4597","3","23295"
"Kelsie","4670","1","13201"
"Foster","4317","2","20906"
"Avis","4510","3","16850"
"Beatrice","3432","2","6414"
"Alfonso","4583","3","14116"
"Milan","3136","1","21744"
"Hal","1416","1","11853"
"Kellie","1897","1","23429"
"Godfrey","1597","2","21252"
"Eino","2581","3","15635"
"Eddie","3913","1","4725"
"Mohammed","4253","3","1951"
"Vicente","3017","1","3989"
"Cameron","1339","4","15806"
"Arely","4757","3","2088"
"Vidal","4945","2","1840"
"Deanna","1599","1","5542"
"Gabrielle","4311","2","12390"
"Kyler","4962","2","19552"
"Trystan","4153","1","24319"
"Nicolette","4237","3","13316"
"Howell","2739","4","7656"
"Wilma","4602","4","22438"
"Tara","3195","4","9153"
"Dean","4952","1","20865"
"Ruth","2648","2","15970"
"Hayden","4796","2","16555"
"Jakayla","3583","1","21163"
"Marvin","4557","4","13757"
"Adan","2970","3","18902"
"Iva","1333","3","14488"
"Lilliana","3416","1","16976"
"Joshuah","1092","2","2292"
"Isom","3856","4","5841"
"Domingo","1008","4","9957"
"Cordell","2454","4","8212"
"Linda","2252","1","17851"
"Jada","3391","4","24818"
"Braulio","1210","2","23927"
"Adella","2088","3","11975"
"Wilber","3400","2","16939"
"Sienna","4575","1","15832"
"Joany","2420","3","16358"
"Makayla","4053","2","15473"
"Jeanie","3645","1","302"
"Moises","3491","3","13986"
"Margarete","3434","2","14805"
"Aliza","3513","4","13888"
"Arvel","2324","2","10702"
"Lavinia","2611","3","11991"
"Titus","3947","2","18798"
"Carole","3890","1","12211"
"Dominique","2288","4","23563"
"Kasey","1309","1","10314"
"Vaughn","2425","2","3937"
"Clement","4158","3","7745"
"Laverne","1113","3","22054"
"Ignacio","3388","2","4027"
"Misty","4670","1","10693"
"Rhea","1884","4","7121"
"Harold","3083","4","14235"
"Manuel","2834","3","13414"
"Aaliyah","3912","3","8040"
"Petra","3790","1","10278"
"Morgan","2341","1","19592"
"Vicente","3983","1","5752"
"Maggie","3599","4","21422"
"Freeman","4972","4","6192"
"Tamia","2474","2","12630"
"Peggie","1991","4","6054"
"Floy","1005","1","957"
"Emma","3789","3","4980"
"Hailey","4730","1","1861"
"Demond","3616","4","16104"
"Georgette","3267","3","9696"
"Louvenia","3763","2","16994"
"Judah","3055","2","14688"
"Garett","2519","2","2727"
"Jose","1970","3","19433"
"Rodrigo","1641","2","22943"
"Dorothy","2639","2","23539"
"Ephraim","1407","4","12336"
"Juanita","4653","1","22589"
"Jerod","2699","2","6324"
"Eloy","1034","4","4421"
"Dave","4702","2","2868"
"Shanelle","2262","4","682"
"Clay","1465","4","23698"
"Sofia","4067","1","24451"
"Gracie","4649","4","12900"
"Mauricio","4817","1","14166"
"Gregg","1982","3","3125"
"Freeman","2960","2","5938"
"Nakia","3620","4","16822"
"Brooks","3474","4","16554"
"Tracey","2374","1","23004"
"Agustina","1515","4","12754"
"Brenna","2244","3","16810"
"Keven","1757","2","19039"
"Monroe","4536","2","18917"
"Sierra","4810","1","644"
"Jaunita","2186","3","17214"
"Etha","1449","1","11614"
"Ladarius","1861","1","5229"
"Jamil","1731","1","22211"
"Isai","2352","3","15801"
"Pansy","1603","4","6068"
"Kristoffer","3118","2","22218"
"Coty","4977","1","16768"
"Elvera","1309","3","22737"
"General","1107","2","14110"
"Margaret","4760","1","7265"
"Karli","4474","1","20645"
"Freda","3846","2","908"
"Lela","1737","2","12919"
"Hanna","3362","3","16929"
"Jade","3260","4","1102"
"Alba","1711","4","11053"
"Alanna","1204","2","14042"
"Timothy","2496","4","23450"
"Bobbie","1389","4","7446"
"Tyrese","1139","3","16824"
"Kathlyn","1022","4","16835"
"Cleve","1276","1","15143"
"Sage","1996","3","15109"
"Neal","1250","1","24163"
"Pat","1490","4","17593"
"Antwon","3766","4","20375"
"Houston","4956","3","18393"
"Maurine","2921","1","10699"
"Darlene","1619","4","15566"
"Kameron","2219","2","23512"
"Joe","1881","2","10929"
"Elliot","1432","4","12636"
"Nadia","3365","2","393"
"Antone","1971","2","12875"
"Sydney","3280","1","13866"
"Gay","2000","4","6541"
"Laurie","4212","2","3334"
"Wilmer","2558","1","19754"
"Yadira","4168","2","23507"
"Ignacio","4248","1","24411"
"Tevin","3391","4","23838"
"Cullen","3120","3","18427"
"Milford","1070","1","21793"
"Sonya","4782","3","11326"
"Candice","2495","1","17439"
"Britney","4272","2","17134"
"Jarrod","1638","3","9649"
"Gregoria","3371","4","13146"
"Bell","1542","1","6139"
"Christ","4852","1","5431"
"Michele","1430","1","22255"
"Jarrod","3974","1","7277"
"Rollin","4027","2","18050"
"Johathan","2732","4","4216"
"Rosalind","3063","2","5263"
"Amira","4470","4","17211"
"Tyson","3593","1","15737"
"Velma","2008","2","10896"
"Ali","1359","1","14667"
"Justyn","4495","4","15417"
"Garnet","4611","4","24260"
"Colten","1195","1","17749"
"Harley","3046","4","4531"
"Scarlett","3291","1","14639"
"Vern","1148","2","16189"
"Alisa","1620","1","3806"
"Eusebio","4297","1","654"
"Aubrey","1270","1","23639"
"Tavares","1279","4","15636"
"Jace","3998","3","14339"
"Walter","2602","3","14617"
"Maia","2902","2","9723"
"Blaise","2232","2","8624"
"Claudine","3864","4","22275"
"Sigurd","4205","4","19387"
"Ara","4724","2","10483"
"Brandyn","4828","4","8288"
"Elva","4108","2","11539"
"Brook","1524","4","22151"
"Toby","3422","1","14135"
"John","2690","3","871"
"Andres","3015","3","19440"
"April","4902","1","2111"
"Tamara","1190","4","16506"
"Maude","1755","3","14153"
"Rex","4479","2","20998"
"Carley","4136","4","3249"
"Jackie","3510","2","17516"
"Quinten","4810","4","15477"
"Laurel","3195","2","4733"
"Holden","3479","4","13819"
"Pedro","2266","2","22748"
"Toney","4018","4","22608"
"Yazmin","1896","1","22745"
"Maiya","3206","3","24999"
"Lucienne","2497","1","11641"
"Moses","4139","3","5533"
"Sim","3510","2","4821"
"Colin","2186","3","4602"
"Tate","2851","4","6664"
"Wilhelmine","2724","4","5768"
"Elnora","3795","2","14545"
"Fred","4255","1","14324"
"Alanna","3635","4","12104"
"Marina","2594","1","15741"
"Kay","3088","2","14855"
"Lenny","4385","3","7978"
"Garnet","2985","1","5418"
"Aliyah","1165","4","3876"
"Aurelio","4173","1","9635"
"Bryana","2345","4","9179"
"Savanna","3631","2","7584"
"Audie","3263","3","4203"
"Nyasia","1563","2","9650"
"Osvaldo","1096","1","18234"
"Lauryn","4756","1","5560"
"Harley","3878","2","8248"
"Christelle","4506","4","2488"
"Drake","4016","1","3230"
"Lavada","3172","2","3514"
"Keegan","4584","4","9208"
"Harold","4104","1","17590"
"Walton","3521","1","22281"
"Maye","4036","3","3982"
"Christelle","1371","3","21480"
"Everette","4969","4","2064"
"Ernesto","1151","1","20788"
"Leonora","2855","3","13432"
"Cleo","3756","2","16902"
"Dimitri","2409","1","1049"
"Suzanne","1891","2","8684"
"Magnolia","1635","3","22004"
"Jaren","2261","4","8302"
"Jess","4815","3","16796"
"Merlin","4501","4","20854"
"Daron","4021","3","12326"
"Rebeca","2720","3","1008"
"Dena","1925","1","7681"
"Aubrey","4731","4","10528"
"Karson","3482","4","21999"
"Rachel","3283","3","23861"
"Otto","2923","2","5450"
"Thaddeus","4139","3","9572"
"Nathen","2098","4","24636"
"Jeffery","4203","4","2499"
"Desmond","2559","3","12268"
"Norwood","1050","4","3684"
"Martina","4005","4","23348"
"Ethyl","2151","3","23607"
"Candice","4099","4","14464"
"Roderick","4485","1","21871"
"Katelyn","3685","1","15636"
"Armand","2127","4","20329"
"Rocky","2816","1","20724"
"Luther","2984","1","17066"
"Kameron","3466","4","23178"
"Annabell","4040","4","504"
"Earnestine","3193","4","20699"
"Lucious","1935","1","760"
"Luis","1075","3","6049"
"Charity","3172","3","12050"
"Devin","4009","3","18364"
"Cristal","3741","2","8108"
"Rhea","4868","2","14572"
"Eileen","4196","1","9881"
"Branson","4698","3","12520"
"Hilda","2816","1","10565"
"Abbigail","3204","3","1663"
"Roxanne","4915","4","19595"
"Kristy","2640","3","10571"
"Preston","3832","2","16915"
"Crystal","2261","4","11955"
"Isom","4337","1","16439"
"Ana","4858","4","24863"
"Santino","4697","2","22441"
"Hildegard","4968","1","10890"
"Raina","4608","4","4225"
"Ottilie","3151","3","2516"
"Leonor","1144","1","2093"
"Camille","1579","1","3506"
"Herman","4003","4","856"
"Holly","3117","4","3201"
"Florida","3396","4","16627"
"Miracle","4198","2","21497"
"Jacquelyn","3731","1","19027"
"Clint","1372","3","14207"
"Breana","4885","2","17338"
"Elyse","2510","4","23979"
"Frieda","2265","2","8694"
"Filiberto","3728","1","24692"
"Judd","3684","4","7968"
"Aniya","4519","1","10510"
"Cassie","2929","1","7173"
"Clemmie","1979","4","10559"
"Dahlia","2780","3","11906"
"Florian","3839","1","5801"
"Ollie","3439","4","17225"
"Kitty","1039","4","19095"
"Ahmed","2479","3","2528"
"Etha","4707","2","20841"
"Cindy","1210","1","17234"
"Jovan","4727","1","22755"
"Keely","2098","4","421"
"Stan","1140","2","841"
"Daniella","2513","4","12346"
"Orlando","1259","2","12303"
"Camille","3677","1","6082"
"Adrian","4749","3","17558"
"Timmothy","3703","4","10756"
"Jane","2636","1","10635"
"Blaise","4745","3","445"
"Carole","3080","1","23625"
"Rosetta","4437","4","16439"
"Caden","1622","3","10816"
"Ocie","1676","3","22956"
"Joannie","3093","4","1416"
"Erin","1328","1","17218"
"Janis","4413","1","916"
"Thea","4793","3","15428"
"Eda","4629","1","2298"
"Linwood","1971","2","24714"
"Vicente","1502","3","10491"
"Chesley","4465","1","14140"
"Raul","3941","3","23672"
"Jamel","1442","4","23806"
"Sigurd","4128","4","19765"
"Euna","2554","1","11601"
"Kitty","2602","1","24382"
"Halle","3127","3","13363"
"Alexane","3672","1","21264"
"Loyce","2307","4","16461"
"Dayana","1902","3","4172"
"Irving","4453","3","9320"
"Emile","2850","4","18053"
"Macy","2553","4","17271"
"Berta","4175","3","12362"
"Karelle","1556","1","12642"
"Dan","4208","1","23192"
"Karelle","3489","2","21194"
"Alisha","1685","2","13858"
"Samanta","3141","2","12170"
"Edward","2263","1","15658"
"Odie","4819","2","17213"
"Juwan","4829","4","13990"
"Karolann","2461","1","20461"
"Yvonne","4996","2","9975"
"Gordon","1997","3","12212"
"Nigel","1325","3","18129"
"Kenneth","2279","1","4740"
"Boyd","1861","3","19101"
"Dejuan","4282","4","17436"
"Domenick","4676","3","2422"
"Winifred","3541","4","14733"
"Carmine","4773","1","6703"
"Eric","3014","4","9014"
"Harrison","4913","3","23185"
"Glen","4920","3","16533"
"Moriah","1478","1","3603"
"Aditya","2560","1","17696"
"Riley","4794","2","9717"
"Christian","4396","2","16377"
"Aniyah","2781","4","13635"
"Ebba","4805","1","13367"
"Elian","1033","2","15823"
"Clint","4801","2","6327"
"Xzavier","1880","3","16071"
"Dillan","4214","4","21573"
"Elton","3851","2","9062"
"Osvaldo","4884","2","14528"
"Jose","1870","2","11156"
"Jayda","3696","3","11362"
"Emmalee","2299","2","160"
"Lula","3818","1","12205"
"Gustave","3217","3","8607"
"Forrest","3162","2","23558"
"Angelica","4112","2","10829"
"Cloyd","4200","2","10745"
"Frieda","1235","3","17442"
"Cameron","4973","2","7787"
"Noe","1138","2","15804"
"Albin","3135","3","18389"
"Saul","2132","3","968"
"Lisa","4968","4","7517"
"Imelda","4150","1","7494"
"Destany","4385","1","5903"
"Reginald","2335","3","15295"
"Uriel","2456","3","17805"
"Leopold","4769","4","22340"
"Eino","2342","1","20684"
"Kory","3176","1","7241"
"Alfonzo","1950","2","6003"
"Neil","2171","4","13856"
"Opal","4653","4","16348"
"Tia","3395","1","409"
"Raphaelle","2225","1","23939"
"Monica","3969","4","6869"
"Aniya","1104","3","6444"
"Rhiannon","3202","4","23412"
"Alva","1894","4","1395"
"Lynn","1045","2","7338"
"Kristopher","1862","3","22998"
"Michele","1638","4","15746"
"Jeffry","1665","3","11795"
"Elouise","3854","2","1861"
"Michel","3014","4","24467"
"Timmy","4264","4","7312"
"Shaun","2203","1","23329"
"Jarrett","2766","4","15014"
"Laurie","4344","3","14151"
"Lauren","1002","4","1297"
"Marie","2849","4","124"
"Edna","1946","3","23059"
"Lilla","4451","1","8941"
"Harvey","1737","3","7027"
"Mason","1718","1","14312"
"Oleta","1648","4","19942"
"May","4550","3","4880"
"Ewald","1848","3","7214"
"Natasha","4234","1","279"
"Lenna","1317","1","3778"
"Brooks","4041","2","16456"
"Summer","3047","1","22241"
"Darien","1657","1","24857"
"Austen","3832","3","24042"
"Tod","4746","1","6487"
"Macie","3337","4","21495"
"Harley","4826","3","4132"
"Enoch","4154","4","24761"
"Ellie","4617","2","15878"
"Elizabeth","4515","4","4117"
"Ewald","2985","1","22456"
"Rocio","3420","3","10520"
"Amya","1503","3","2221"
"Americo","4720","2","17027"
"Ezequiel","3079","3","21134"
"D'angelo","2917","3","11461"
"Idell","3500","1","2126"
"Gregoria","2682","3","23976"
"Glen","1802","4","19861"
"Eleanore","3805","4","7780"
"Toby","1555","1","2136"
"Ned","4023","4","9757"
"Princess","4551","3","9455"
"Serenity","2902","3","14532"
"Anabel","3029","3","5299"
"Eliza","2171","2","15132"
"Freeda","1533","4","4948"
"Aleen","3601","4","18831"
"Sidney","3034","2","14557"
"Enid","3244","4","22914"
"Jan","3207","2","16112"
"Scarlett","1999","2","2693"
"Malvina","2066","4","16505"
"Zita","2525","1","13416"
"Mikayla","3836","4","12521"
"Josianne","3141","3","12076"
"Tillman","1337","4","10873"
"Keira","4830","1","21817"
"Audra","3392","2","20917"
"Cyrus","3405","4","14803"
"Derick","2300","4","19303"
"Gerard","1807","3","4066"
"Fanny","4817","3","5814"
"Winifred","4849","4","16213"
"Marcelina","1934","2","18047"
"Lyric","3469","1","23366"
"Cathryn","2689","4","19709"
"Anabel","2597","2","21491"
"Lydia","2616","4","1855"
"Tillman","4643","1","16707"
"Melyna","2815","1","13581"
"Effie","3597","3","9645"
"Jacquelyn","1301","4","23385"
"Jalen","4624","2","1503"
"Hilario","3659","4","22558"
"Alysson","2267","2","19161"
"Wallace","1199","4","5417"
"Letha","3887","3","22413"
"Lela","1228","2","2654"
"Gustave","3640","4","18022"
"Talia","2980","3","8956"
"Ezra","2519","3","547"
"Stan","2792","2","1429"
"Bryana","4794","3","8614"
"Samson","4333","2","23770"
"Raoul","1603","4","9475"
"Fleta","4286","3","14002"
"Lulu","1326","4","11047"
"Braulio","3467","2","24643"
"Aletha","2654","4","20929"
"Juana","1623","2","4413"
"Ciara","4051","3","2810"
"Daija","2291","4","5925"
"Freeman","4794","3","17172"
"Hester","4277","1","7748"
"Corene","1121","1","5083"
"Naomi","1115","4","11407"
"Ana","4371","4","10419"
"Golda","4043","4","3428"
"Mireya","1295","1","13088"
"Cesar","4220","3","360"
"Rosalia","2167","2","10019"
"Maurice","2169","4","17902"
"Allison","2494","4","4513"
"Houston","2838","2","17271"
"Margie","3243","2","22105"
"Walker","3939","3","16504"
"Jeanie","3439","4","8479"
"Mallory","1181","1","7498"
"Meredith","3206","2","3304"
"Moshe","4982","1","6590"
"Clemmie","4818","2","11748"
"Natalia","2086","2","24261"
"Kristian","2638","2","3924"
"Paul","1085","2","14320"
"Myron","4318","2","5761"
"Alvah","3641","2","1730"
"Malvina","1043","1","5638"
"Kenna","3282","1","4957"
"Felicity","4070","2","15623"
"Luella","1228","4","140"
"Leo","4501","1","4805"
"Sylvester","1666","4","1919"
"Evan","4836","3","5228"
"Deven","2220","2","13405"
"Chyna","1474","1","22995"
"Cecelia","1480","2","12571"
"Gia","4111","1","18336"
"Sister","4798","3","11842"
"Kyra","2113","2","12528"
"Noemie","3986","3","4229"
"Wayne","3050","2","6577"
"Alfonzo","4055","1","23339"
"Deondre","4982","1","21941"
"Ismael","4918","1","5871"
"Malvina","3390","4","6132"
"Domenica","4514","2","16095"
"Michele","3981","2","3766"
"Maxime","1259","2","19805"
"Erich","3988","1","24628"
"Broderick","1214","4","23974"
"Austyn","4513","3","6611"
"Kathleen","4657","2","3797"
"Sydney","3189","1","14000"
"Oma","4655","1","9243"
"Abe","3528","3","3847"
"Alexandrea","3210","3","13359"
"Lyda","4208","1","2784"
"Dexter","2304","4","7165"
"Brandi","2808","3","4737"
"Karson","1022","1","21946"
"Triston","1672","1","20235"
"Meggie","1519","4","20320"
"Madge","3156","2","4812"
"Alessandra","4263","2","4414"
"Ellis","3107","1","14187"
"Floy","3341","2","24697"
"Jaquelin","1591","4","4238"
"Connor","1125","1","10514"
"Barbara","2406","1","7394"
"Silas","2253","3","6377"
"Era","4792","4","14620"
"Roxanne","3404","4","8195"
"Lenna","1054","2","13956"
"Bernie","2721","3","8736"
"Gwendolyn","2232","2","10699"
"Dashawn","3069","1","21918"
"Katelyn","4029","4","12052"
"Gussie","4136","3","9359"
"Glenna","4335","1","17304"
"Raphaelle","4848","1","22926"
"Magdalena","1531","3","20225"
"Micah","4749","3","23029"
"Eliezer","4441","1","12555"
"Olin","4031","2","3980"
"Richard","2595","1","21165"
"Teagan","1744","3","18973"
"Brooklyn","1716","3","13343"
"Alfonso","4997","4","12467"
"Frederik","3416","2","1873"
"Karli","2562","1","15580"
"Dortha","4671","3","9214"
"Eladio","4935","2","18199"
"Jeanette","3669","1","2738"
"May","4300","2","5225"
"Sibyl","3414","3","15027"
"Jeffrey","4213","1","15915"
"Foster","1806","4","15795"
"Carlee","4248","2","7254"
"Jada","1209","3","4622"
"Jovanny","4650","4","23237"
"Garry","1883","2","2465"
"Michele","3619","4","10897"
"Jessica","2902","3","3942"
"Geovanny","2035","4","24510"
"Reanna","4197","3","15410"
"Julian","4802","3","11253"
"Lucious","2729","1","1516"
"Charley","3742","4","13772"
"Barton","4126","3","17340"
"Minnie","3118","3","12464"
"Lucie","1477","3","16404"
"Shanon","2251","4","17907"
"Ludie","4788","4","2621"
"Deangelo","3781","2","1856"
"Toni","3009","4","7060"
"Kaleigh","1046","1","13068"
"Coleman","4262","2","21715"
"Vicenta","3872","2","1075"
"Brielle","4000","4","24825"
"Ansley","4001","2","329"
"Brianne","3352","3","17982"
"Ceasar","1680","1","855"
"Sophia","1749","2","23612"
"Asia","1953","1","14342"
"Precious","2827","2","12728"
"Elsie","3723","2","7628"
"Shanelle","4478","1","19440"
"Keagan","1899","3","8527"
"Luis","4604","1","20065"
"Brock","2194","4","15281"
"Felicita","2194","4","9792"
"Earnest","2241","3","4617"
"Giuseppe","3254","1","10938"
"Kaleigh","3933","1","23570"
"Verda","3293","1","7544"
"David","1309","4","12305"
"Andy","1506","2","210"
"Linnea","4854","3","19704"
"Boris","2481","3","22849"
"Nels","2665","4","293"
"Adrien","4411","3","4470"
"Elisa","2789","4","11077"
"Enid","4210","1","23634"
"Ashlee","2884","3","15801"
"Annette","3645","4","14062"
"Drake","3252","3","8415"
"Judd","1289","4","19168"
"Lisandro","3772","3","16076"
"Linda","1055","3","15226"
"Leo","3665","3","20909"
"Adeline","2009","1","13281"
"Floyd","2924","1","11595"
"Randal","3832","1","19505"
"Jacklyn","1197","2","21242"
"Violette","2953","3","18432"
"Renee","2324","1","3036"
"Herbert","3428","1","10066"
"Crystal","2144","4","2872"
"Virgie","4341","2","17391"
"Birdie","3235","1","12880"
"Yvette","4546","3","2606"
"Sydnee","1650","2","24566"
"Cade","4818","3","103"
"Favian","1469","4","13321"
"Seth","2474","2","11023"
"Jed","1492","4","375"
"Ernestina","1463","2","11739"
"Randal","1823","2","1611"
"Francisca","4905","1","10683"
"Abdul","2091","3","16478"
"Jalon","2441","2","20042"
"Lisette","2259","3","23690"
"Flo","4515","4","19230"
"Eldora","1186","4","9422"
"Amiya","1440","2","3550"
"Jayden","2363","2","22863"
"Linwood","3713","4","3865"
"Mattie","1411","4","14932"
"Ebba","3104","2","4763"
"Keaton","2970","2","15818"
"Elenora","2945","1","17272"
"Kennedi","3744","1","1553"
"Pink","3353","4","22282"
"Evelyn","4749","1","23366"
"Beau","2067","2","3803"
"Kip","1242","2","21791"
"Virgie","4182","4","604"
"Landen","1797","2","10097"
"Abbie","4016","3","18655"
"Barbara","3915","1","1397"
"Adonis","4755","4","16013"
"Danielle","1487","3","2525"
"Jerel","2656","2","3411"
"Sherwood","2110","1","9053"
"Marcus","3259","2","18654"
"Kendra","3053","3","11655"
"Jaunita","3790","2","19878"
"Haskell","1093","4","18025"
"Lowell","2435","3","9732"
"Maryse","2310","2","14964"
"Antonietta","2222","2","9439"
"Abdullah","3780","3","1933"
"Mitchell","1510","2","5681"
"Hudson","3794","1","21333"
"Fae","2219","3","4322"
"Johnny","2387","1","19364"
"Mohamed","1065","2","7646"
"Ladarius","1457","2","626"
"Mitchel","4581","1","23578"
"Evie","3598","1","5475"
"Garrison","3265","3","11068"
"Morgan","2703","4","9261"
"Uriah","1622","4","20354"
"Darwin","1856","1","12807"
"Rebecca","4031","2","13714"
"Lisandro","2825","3","21380"
"Justen","2995","4","6011"
"Tate","3522","4","6609"
"Alana","4076","3","5996"
"Claude","1550","2","23555"
"Raven","4784","4","18586"
"Tyra","4226","3","17606"
"Aiden","1460","2","11339"
"Marion","2785","4","23356"
"Mercedes","2630","3","13814"
"Cordia","1484","1","2046"
"Amalia","2959","2","9293"
"Terry","1230","2","24418"
"Erling","3966","2","22393"
"Cleve","3963","4","21261"
"Thad","4357","1","16857"
"Kenyon","2661","1","8810"
"Gerson","2323","1","11306"
"Moshe","4202","4","14946"
"Vincenza","4841","3","16091"
"Kim","4499","3","22782"
"Maci","1352","3","14748"
"Eudora","1972","1","24516"
"Micah","4671","4","2450"
"Granville","2529","1","13250"
"Jarrett","3303","2","19287"
"Talia","3255","3","8779"
"Elroy","2013","1","20120"
"Selina","1017","2","2715"
"Garret","1264","2","16302"
"Raphael","1612","4","17744"
"Anita","3220","4","13958"
"Dimitri","1925","4","22969"
"Nicole","2469","3","14195"
"Willard","4117","4","16228"
"Lilian","2673","4","17694"
"Vergie","3594","3","11027"
"Cameron","2901","3","12018"
"Breanne","4291","2","20240"
"Maggie","4076","4","24190"
"Frederik","1516","4","10850"
"Kyla","1609","1","23572"
"Aiyana","1658","3","14715"
"Griffin","3415","1","11503"
"Katlyn","4382","1","17546"
"Deanna","4822","2","2415"
"Francisco","2929","3","24911"
"Schuyler","4124","3","21316"
"Jasen","2286","4","6993"
"Graham","3250","3","7984"
"Marisa","3261","3","5272"
"Therese","3784","4","16662"
"Jacques","4733","3","17396"
"Abagail","2884","4","3069"
"Melvina","4276","2","20567"
"Kevon","3136","3","15324"
"Vita","3507","4","13623"
"Nona","2327","4","17671"
"Lizzie","2559","4","3084"
"Della","4201","4","4397"
"Kara","3949","3","10523"
"Antonetta","3372","3","9196"
"Elijah","3001","4","19337"
"Modesto","3007","4","8927"
"Zane","4093","3","9786"
"Kaya","4705","3","13494"
"Maureen","3682","1","15654"
"Josue","4471","4","12069"
"Hettie","2782","1","15616"
"Meta","2645","4","5230"
"Ashlee","4850","1","6013"
"Gregoria","2363","4","11592"
"Katherine","3039","3","15711"
"Aidan","2558","3","16016"
"Hal","3818","4","7850"
"Luigi","1379","1","295"
"Daisha","2777","3","18796"
"Eileen","3843","2","20301"
"Patricia","2460","1","17394"
"Ivy","4639","3","23978"
"Trinity","1443","1","5028"
"Thea","3001","4","14538"
"Libbie","3931","3","11337"
"Chadrick","3130","3","1249"
"Ervin","3402","1","18715"
"Catharine","2855","2","6499"
"Cheyenne","4516","2","6201"
"Lolita","1915","4","21547"
"Newell","4262","4","15493"
"Jaime","1171","1","1821"
"Mercedes","3913","2","11730"
"Norma","3567","3","7902"
"Garrett","1939","4","17884"
"Modesta","4625","4","8071"
"Adonis","3227","3","9304"
"Ericka","2815","2","11936"
"Florine","2164","3","23942"
"Madelynn","3500","4","4793"
"Bo","4165","4","818"
"Kathlyn","3651","1","5308"
"Kayleigh","2369","4","5032"
"Sofia","4750","4","11063"
"Manuel","1280","3","8447"
"Maiya","2495","1","10784"
"Marcel","1002","3","6800"
"Kevin","2696","2","20669"
"Maddison","4837","1","15332"
"Hilbert","4587","4","1747"
"Norwood","1672","4","11519"
"Kenneth","1823","2","18962"
"Aurelie","3593","4","16679"
"Waldo","2268","4","20676"
"Felipe","1884","3","20157"
"Ezra","1694","4","4261"
"Chloe","1324","2","665"
"Elnora","2151","1","22036"
"Lafayette","1238","4","17000"
"Mary","4389","4","4376"
"Lloyd","4892","2","24417"
"Ethel","2133","3","5343"
"Brandon","1775","4","22335"
"Candida","2376","3","24416"
"Eloy","4690","4","24901"
"Lavern","2306","4","8196"
"Amari","1046","3","12808"
"Lucas","4115","2","14529"
"Akeem","3899","3","22151"
"Baron","4256","4","11479"
"Percival","1734","2","21010"
"Parker","2796","1","19985"
"Albina","1483","3","14803"
"Enid","2422","4","4083"
"Aracely","1019","2","23798"
"Euna","4020","2","3350"
"Cornelius","2137","3","12848"
"Blaze","2799","2","1908"
"Krystina","3828","3","11703"
"Vivienne","2429","4","3406"
"April","3096","3","11111"
"Dewayne","1152","1","16487"
"Giovani","1180","2","21118"
"Adella","3883","2","7373"
"Pat","4991","4","12475"
"Kieran","3225","4","23757"
"Roxanne","4660","2","18775"
"Norma","4919","2","16092"
"Golda","4442","2","9661"
"Belle","3331","1","12020"
"Ernestine","4327","4","24990"
"Vernice","3471","4","24578"
"Leila","1722","4","9433"
"Hillary","4053","1","12083"
"Jamel","1008","2","14574"
"Tommie","1935","3","14146"
"Taryn","1018","1","19077"
"Lexie","4825","3","20552"
"Kaylah","2766","4","10148"
"Idell","4326","1","18090"
"Brendon","2701","2","23329"
"Savion","3401","3","24122"
"Eldora","2795","4","3512"
"Kayli","3897","2","2127"
"Triston","3635","2","23830"
"Willard","3558","1","20453"
"Emile","4107","2","23975"
"Ron","1787","4","23687"
"Otho","3809","2","23606"
"Gino","1320","4","10727"
"Christelle","4121","4","15893"
"Felicia","1267","2","2355"
"Archibald","3531","4","7001"
"Osbaldo","2052","4","6079"
"Hettie","2208","3","6022"
"Christine","1107","2","11452"
"Janis","3440","1","22007"
"Mollie","4867","2","8215"
"Bertram","4339","4","4057"
"Unique","4284","3","18008"
"Monica","4450","3","23766"
"Susana","1797","3","11068"
"Erwin","2778","4","8328"
"Juston","4440","3","12024"
"Liliana","2204","4","3764"
"Carolyne","1282","2","4424"
"Zack","1437","4","9829"
"Nina","3825","2","7784"
"Shemar","3179","1","12753"
"Ora","3870","4","5376"
"Phoebe","1883","1","6738"
"Cleve","4377","2","21365"
"Adaline","3793","3","12671"
"Cecilia","4012","2","20759"
"Casimer","3996","2","402"
"Gisselle","4081","2","5453"
"Madyson","2940","1","12766"
"Jimmie","1838","2","22791"
"Boris","2135","3","9451"
"Lucius","3369","2","22618"
"Destany","1005","1","9233"
"Dortha","3222","4","11714"
"Stevie","1281","2","18218"
"Jameson","1142","4","23598"
"Benny","1905","4","4066"
"Dorthy","3638","3","21545"
"Arlie","2067","2","2095"
"Harmony","1235","3","21454"
"Della","1026","1","14109"
"Rae","2998","3","18094"
"Ahmad","2926","3","5860"
"Bianka","4614","1","7191"
"Erna","1817","2","121"
"Patience","1698","3","6354"
"Rodrick","1269","2","12756"
"Ardella","4140","4","7307"
"Quinton","1318","2","13563"
"Sienna","4643","4","4490"
"Sarah","3689","2","4622"
"Lawrence","2986","4","22661"
"Aida","2975","4","6692"
"Rusty","1944","2","6365"
"King","4230","4","13335"
"Nathanael","2658","2","10109"
"Brisa","4680","4","8248"
"Brody","1841","1","10834"
"Loraine","4397","4","24723"
"Trey","2561","3","11265"
"Earnestine","3542","1","14189"
"Lurline","2804","1","18666"
"Barbara","1043","4","4663"
"Mohammad","4178","2","23976"
"Raheem","3166","2","2777"
"Jaqueline","2197","2","21367"
"Jacquelyn","2299","1","11864"
"Octavia","4353","3","7861"
"Darlene","3998","2","7043"
"Brannon","3223","3","6416"
"Arnold","4894","3","4279"
"Anna","4704","2","2949"
"Elwyn","4829","2","7625"
"Gerry","1205","4","19664"
"Ewell","1286","3","6722"
"Elisa","4688","4","16030"
"Peter","3240","1","8080"
"Jacinto","1305","1","12986"
"Blair","3659","1","22165"
"Liliane","1450","4","23183"
"Reina","4321","1","17459"
"Dominique","2216","1","19024"
"Vicente","4915","1","24020"
"Adrian","3701","4","23623"
"Lizzie","1042","4","20730"
"Dagmar","1475","4","13737"
"Diamond","2472","3","14183"
"Jacinto","1199","2","12917"
"Leone","4719","1","21396"
"Giuseppe","1884","3","10859"
"Pete","2375","1","12240"
"Leone","3296","2","367"
"Raymond","2306","2","1830"
"Moriah","3309","1","13459"
"Stella","3654","3","23644"
"Adrian","3760","4","20590"
"Diego","3046","3","13156"
"Evelyn","2434","3","20288"
"Kraig","4463","4","11564"
"Marcelino","2892","3","9151"
"Martina","4707","1","2898"
"Carson","1264","1","6242"
"Rick","2829","3","16046"
"Justine","2415","1","20939"
"Luisa","3482","3","16277"
"Jaida","3266","3","21467"
"Mario","2991","1","1222"
"Danial","4293","1","5378"
"Sedrick","4723","1","21630"
"Chad","2132","3","4052"
"Zakary","3269","2","21320"
"Trent","4912","3","21059"
"Marcia","3937","2","8581"
"Zula","1763","3","15549"
"Zita","1885","4","16922"
"Leilani","4969","4","24486"
"Tom","2164","4","14659"
"Ansel","4054","4","15832"
"Raheem","3429","3","18248"
"Regan","1965","3","6196"
"Rossie","3574","2","8727"
"Nickolas","4885","2","3572"
"Haleigh","2965","1","1683"
"Brent","1155","3","13983"
"Anthony","3153","2","5900"
"Kaylin","2285","2","18805"
"Celine","3363","1","20804"
"Liliane","1922","3","21888"
"Jacquelyn","1074","3","6232"
"Ellsworth","4771","4","5211"
"Virginie","4658","2","9771"
"Kayli","4609","3","10146"
"Erik","2434","2","17290"
"Elyse","4242","2","16347"
"Ethel","4008","3","9940"
"Stephania","2548","2","749"
"Micah","4993","3","975"
"Rubie","1046","1","16284"
